title,company,location,link
Senior Frontend Developer React/Angular/Vue,Sytac IT Consulting,"Amsterdam, Netherlands",https://stackoverflow.com/jobs/524937
Technical Lead (Vue.js),Coda Payments,Singapore,https://stackoverflow.com/jobs/523195
Vue.js Entwickler,Computer FuturesviaComputer Futures Solutions GmbH,No office location,https://stackoverflow.com/jobs/524475
Technical Lead (Vue.js),Coda Payments,"Warsaw, Poland",https://stackoverflow.com/jobs/539987
Vue.js Frontend Developer (f/m/x),Parkside,"Graz, Austria",https://stackoverflow.com/jobs/534464
Senior Full-Stack Web Developer (Vue & Node),Nanome Inc,No office location,https://stackoverflow.com/jobs/511761
Frontend Software Engineer (Vue),Captivation Software,"Linthicum Heights, MD",https://stackoverflow.com/jobs/525424
"Front-End Developer (HTML, CSS, Vue.js, Animation)",Limesharp,No office location,https://stackoverflow.com/jobs/132347
Frontend Engineer – Vue.js,SpotMe,No office location,https://stackoverflow.com/jobs/535271
Senior Frontend Developer (m/f/d) Vue,Laserhub GmbH,"Stuttgart, Deutschland",https://stackoverflow.com/jobs/539731
"Full Stack Engineer - Junior to Senior - Vue.js, Go",Ezoic,"Carlsbad, CA",https://stackoverflow.com/jobs/427867
Fullstack Engineer (VueJS und Golang),Paessler AG,No office location,https://stackoverflow.com/jobs/539998
"Senior Software Engineer - Go, Vue.js, Machine Learning",Ezoic,"Carlsbad, CA",https://stackoverflow.com/jobs/427866
Frontend Developer (Vue.js),The Motley Fool Inc,No office location,https://stackoverflow.com/jobs/536121
Front-end Developer Vuejs,CareSend,No office location,https://stackoverflow.com/jobs/499953
Senior Front-end Developer (Vue.js) - Remote,Insider,No office location,https://stackoverflow.com/jobs/456300
Vue.js Developer (Remote),X-Team,No office location,https://stackoverflow.com/jobs/534462
Fullstack Engineer – Node.js & Vue.js,SpotMe,No office location,https://stackoverflow.com/jobs/522023
PHP Developer (Laravel | CakePHP | HTML5 | JS | Vue | Nuxt),Continued,No office location,https://stackoverflow.com/jobs/522977
JavaScript/Vue.js Developer - EdTech player oferring high-quality online courses,Pentalog,No office location,https://stackoverflow.com/jobs/530839
Frontend Engineer IOT Platform & Solutions (VueJS),Paessler AG,No office location,https://stackoverflow.com/jobs/535309
Frontenddeveloper with vue.js / Experienced with TDD and Docker,roadsurfer GmbH,"München, Deutschland",https://stackoverflow.com/jobs/504968
"React/Vue Engineer, Digital Consumer Products, fully remote",Superformula,No office location,https://stackoverflow.com/jobs/461414
Senior Laravel / VUE Developer (Remote),Curotec,No office location,https://stackoverflow.com/jobs/533450
Full Stack Developer - PHP and VueJS (f/m/d),CA Customer Alliance GmbH,"Berlin, Germany",https://stackoverflow.com/jobs/528320
Backend Engineer,Sytac IT Consulting,"Amsterdam, Netherlands",https://stackoverflow.com/jobs/524936
Full Stack Vue.JS Pro...Who Wants to Dent the Universe,Digital Masterplanning,No office location,https://stackoverflow.com/jobs/523933
Senior Full Stack Web Engineer – Vue.js & Ruby on Rails,Blinkist,"Berlin, Germany",https://stackoverflow.com/jobs/530723
Join a rapid-growth startup- Full-stack Developer with Node.js & Vue.js (Mexico),Pentalog,"Guadalajara, Mexico",https://stackoverflow.com/jobs/536809
Experienced Vuejs UX/UI frontend developer (m/f/d),metoda GmbH,"München, Deutschland",https://stackoverflow.com/jobs/539496
Senior Full Stack Laravel & Vue.js,Worksome ApS,"København, Denmark",https://stackoverflow.com/jobs/503422
Lead Front-end Engineer (Vue.js - UK/EU Remote),Virtuoso,"London, UK",https://stackoverflow.com/jobs/540732
"Full Stack Developer (GraphQL, VueJS, Laravel) Office or Remote",Limesharp,"London, UK",https://stackoverflow.com/jobs/462636
"Backend Developer PHP (m/w/d) in Leipzig, Halle (Saale) oder Dresden",Relaxdays GmbH,"Leipzig, Deutschland",https://stackoverflow.com/jobs/433896
"Backend Developer C# (w/m/d) in Leipzig, Halle (Saale) oder Dresden",Relaxdays GmbH,"Leipzig, Deutschland",https://stackoverflow.com/jobs/433895
Développeur Crafteur JAVA (H/F),La Combe du Lion Vert,"Paris, France",https://stackoverflow.com/jobs/499582
Développeur Fullstack JAVA / Javascript (H/F),La Combe du Lion Vert,"Paris, France",https://stackoverflow.com/jobs/504197
DevOps Engineer (AWS),Modus Create,No office location,https://stackoverflow.com/jobs/534503
Technical Release Manager,Modus Create,No office location,https://stackoverflow.com/jobs/537831
Atlassian Consultant,Modus Create,No office location,https://stackoverflow.com/jobs/536308
"Frontend Developer (m/w/d) in Leipzig, Halle (Saale) oder Dresden",Relaxdays GmbH,"Leipzig, Deutschland",https://stackoverflow.com/jobs/433898
Cyber Security Architect (AWS),Modus Create,No office location,https://stackoverflow.com/jobs/541305
"Full Stack Data Lead (AWS, Python)",Modus Create,No office location,https://stackoverflow.com/jobs/539789
Python Developer,Sytac IT Consulting,"Haarlem, Netherlands",https://stackoverflow.com/jobs/534018
"Software Architect ( React, Ionic)",Modus Create,No office location,https://stackoverflow.com/jobs/540854
DevOps Engineer,Sytac IT Consulting,"Haarlem, Netherlands",https://stackoverflow.com/jobs/534200
"Software Architect ( Angular 10, TypeScript)",Modus Create,No office location,https://stackoverflow.com/jobs/538110
Engineering Manager (m/f/d) - Web Development,e-bot7 GmbH,"Munich, Germany",https://stackoverflow.com/jobs/541494
Senior Software Developer,HaysviaHays PLC,"Toronto, ON, Canada",https://stackoverflow.com/jobs/529296
Lead UX/UI Designer (m/f/d),e-bot7 GmbH,"Munich, Germany",https://stackoverflow.com/jobs/541496
"AI/ML - Tools and Automation ML Engineer, Machine Translation",Apple,"Seattle, WA",https://stackoverflow.com/jobs/523244
Haskell Software Engineer,e-bot7 GmbH,"Munich, Germany",https://stackoverflow.com/jobs/541491
Senior UI Frameworks Engineer - Apple Media Products,Apple,"Seattle, WA",https://stackoverflow.com/jobs/541991
Frontend/UI Software Engineer- Apple Cloud,Apple,"Cupertino, CA",https://stackoverflow.com/jobs/541284
Senior Front-end / JS Developer (Remote),iubenda,"Milan, Italy",https://stackoverflow.com/jobs/530802
Front End Engineer,Amazon Web Services,"New York, NY",https://stackoverflow.com/jobs/499873
Web Engineer,DMGT,"New York, NY",https://stackoverflow.com/jobs/539514
Information Systems and Technology Internship,Apple,"Tokyo, Japan",https://stackoverflow.com/jobs/543434
Remote Elixir Engineer,Blue Code International AG,"Warsaw, Poland",https://stackoverflow.com/jobs/530299
Senior Software Engineer (Full Stack),ActivTrak,"Remote, OR",https://stackoverflow.com/jobs/533447
"Senior Engineer (Backend, Frontend or Mobile) at Juit",Oetker Digital GmbH,"Berlin, Germany",https://stackoverflow.com/jobs/541681
Software Engineering Manager - Remote,SmileDirectClub,No office location,https://stackoverflow.com/jobs/530406
Frontend Engineer gesucht – Remote oder in einem unserer Büros,Studitemps,"Cologne, Germany",https://stackoverflow.com/jobs/126337
Full Stack Javascript Software Engineer,SDVI,No office location,https://stackoverflow.com/jobs/254207
Senior Frontend Developer (m/f/d) - onsite or remote in Germany,ABOUT YOU GmbH & Co. KG,"Hamburg, Deutschland",https://stackoverflow.com/jobs/304349
Senior Full-Stack PHP Developer,GeoPhy B.V.,"Den Haag, Netherlands",https://stackoverflow.com/jobs/523421
Lead Software Engineer - Hypergrowth Biotech startup helping dogs!,Embark Veterinary Inc.,"Boston, MA",https://stackoverflow.com/jobs/510445
(Senior) Frontend Engineer (m/f/d),Lendico Deutschland GmbH,"Berlin, Deutschland",https://stackoverflow.com/jobs/526326
PHP Entwickler (Backend oder Full Stack)(m/w/d),WunschGutschein,"Düsseldorf, Deutschland",https://stackoverflow.com/jobs/365530
Full-Stack Web Developer Java,WPS Management GmbH,"Paderborn, Deutschland",https://stackoverflow.com/jobs/125395
Senior Python/Django Full-stack Developer,Apicbase Belgium,No office location,https://stackoverflow.com/jobs/515716
Senior Frontend Developer needed to save the planet,The Sustainables BV,"Amsterdam, Netherlands",https://stackoverflow.com/jobs/533989
Full-Stack Web Developer (m/w/d) Remote,asgoodasnew electronics GmbH,"Berlin, Deutschland",https://stackoverflow.com/jobs/529765
Senior Full-Stack Django/Python Developer,"Share Edge, LLC","Manhattan Beach, CA",https://stackoverflow.com/jobs/501234
Frontend Developer (m/w/d),OBI Group Holding SE & Co. KGaA,"Köln, Deutschland",https://stackoverflow.com/jobs/533991
Lead Front-End Developer,UPowr Pty Ltd,"Sydney, Australia",https://stackoverflow.com/jobs/501472
Frontend Developer (m/f/d),WPS Management GmbH,"Paderborn, Deutschland",https://stackoverflow.com/jobs/293572
Frontend Developer (m/w/d),OBI Group Holding SE & Co. KGaA,"Köln, Deutschland",https://stackoverflow.com/jobs/533991
Senior Backend/Fullstack Developer,Pensionera Förmedling i Sverige AB,"Stockholm, Sweden",https://stackoverflow.com/jobs/526102
Front-end Engineer (Full-Remote in Japan*),PayPay Corporation.,"Tokyo, Japan",https://stackoverflow.com/jobs/292635
Frontend Developer (LATAM REMOTE),Arative Technologies,No office location,https://stackoverflow.com/jobs/528678
Frontend Web Developer (m/w/d),EyeC GmbH,"Hamburg, Deutschland",https://stackoverflow.com/jobs/408135
Senior Frontend Developer needed to save the planet,The Sustainables BV,"Amsterdam, Netherlands",https://stackoverflow.com/jobs/533989
Senior Software Engineer (m/w/d) Python,Cornelsen Verlag GmbH,"Berlin, Deutschland",https://stackoverflow.com/jobs/537066
Bioinformatician/Software Developer,Centogene GmbH,"Berlin, Germany",https://stackoverflow.com/jobs/535245
Senior Full Stack Developer,OnCall Health,"Toronto, ON, Canada",https://stackoverflow.com/jobs/522342
Full Stack Developer,MediKeeper,"San Diego, CA",https://stackoverflow.com/jobs/529611
Full Stack Developer (PHP),Carex Consulting GroupviaCarex Consulting Group,No office location,https://stackoverflow.com/jobs/540887
Software Engineer - Hypergrowth Biotech startup helping dogs!,Embark Veterinary Inc.,"Boston, MA",https://stackoverflow.com/jobs/526658
Web Frontend Developer with an eye for professional user experience (m/f/d),Ergosign,"Saarbrücken, Deutschland",https://stackoverflow.com/jobs/456766
Bioinformatician/Software Developer,Centogene GmbH,"Beograd, Serbia",https://stackoverflow.com/jobs/535243
(Senior) Frontend Developer (m/w/d),asgoodasnew electronics GmbH,"Berlin, Deutschland",https://stackoverflow.com/jobs/536573
Frontend-Entwickler (m/w/d),Meierhofer AG,"Leipzig, Deutschland",https://stackoverflow.com/jobs/372319
(Senior) Software Engineer Frontend (m/w/d),Novatec Consulting GmbH,"Berlin, Germany",https://stackoverflow.com/jobs/531047
Software Architect / Code Reviewer / Mentor - Part-time,Arcanys,No office location,https://stackoverflow.com/jobs/485542
Web-Developer  (m/f/d),Natif.ai GmbH,"Saarbrücken, Deutschland",https://stackoverflow.com/jobs/528278
Full-Stack (Ruby on Rails and Javascript) Person Who Can Write Code,"Dorsata, Inc.",No office location,https://stackoverflow.com/jobs/312462
"Frontend Developer (Marketplace, Blue Team)",eMAG,"Bucharest, Romania",https://stackoverflow.com/jobs/542975
Frontend Entwickler (w/m/d),brandung GmbH & Co. KG,"Köln, Deutschland",https://stackoverflow.com/jobs/252522
Frontend Engineer,LiveSchool Inc.,No office location,https://stackoverflow.com/jobs/517128
Full Stack Support Engineer (f/m/d),Receeve GmbH,"Hamburg, Deutschland",https://stackoverflow.com/jobs/541075
Team Lead Web Development (m/w/d),cadooz GmbH,"Hamburg, Deutschland",https://stackoverflow.com/jobs/534943
"(Senior) Frontend Engineer (m/w/d), Köln oder Gütersloh",Schüttflix GmbH,"Cologne, Germany",https://stackoverflow.com/jobs/525579
Frontend Engineer,proton.ai,No office location,https://stackoverflow.com/jobs/541328
Software Engineer (Full Stack),Parenthetic,No office location,https://stackoverflow.com/jobs/527828
Senior Software Engineer (Full Stack),Parenthetic,No office location,https://stackoverflow.com/jobs/539449
Software Engineer,UpMetrics,No office location,https://stackoverflow.com/jobs/496289
"full-stack web developer (node.js, typescript)",code d'azur,"Amsterdam, Netherlands",https://stackoverflow.com/jobs/522428
Sr. Full Stack Engineer- Python,AutoTrader,"Toronto, ON, Canada",https://stackoverflow.com/jobs/529021
Lead Software/System Architect (m/w/d),OBI Group Holding SE & Co. KGaA,"Köln, Deutschland",https://stackoverflow.com/jobs/533994
Senior Frontend Engineer,Singapore Innovate Pte. Ltd,Singapore,https://stackoverflow.com/jobs/529920
Senior Software Engineer,Quantum Mob,"Toronto, ON, Canada",https://stackoverflow.com/jobs/527600
Javascript Developer (React.js/Node.js),Imaginary Cloud,No office location,https://stackoverflow.com/jobs/541304
Senior Node/React Full-Stack Developer,"Gorilla Logic, Inc.",No office location,https://stackoverflow.com/jobs/523491
Back-End Developer (i.e. Python),Imaginary Cloud,No office location,https://stackoverflow.com/jobs/540863
Senior Frontend Developer,Centogene GmbH,"Beograd, Serbia",https://stackoverflow.com/jobs/525830
Backend Node.js Developer (LATAM REMOTE),Arative Technologies,No office location,https://stackoverflow.com/jobs/528677
Frontend Software Developer (f/m/d) for SaaS products,Trusted Shops GmbH,No office location,https://stackoverflow.com/jobs/538370
Full-Stack Software Engineer,Captivation Software,"Fort Meade, MD",https://stackoverflow.com/jobs/525427
*Remote* Teamlead / Lead Engineer Node.js B2B Mobility Platform@ShareNow (m/f/x),"AVANTGARDE - ""Creating Fans""",No office location,https://stackoverflow.com/jobs/538107
Software Engineer - Frontend,ZALORA,"Ho Chi Minh City, Vietnam",https://stackoverflow.com/jobs/536783
Frontend Developer,AudioValley,"Paris, France",https://stackoverflow.com/jobs/518187
Junior Software Engineer,"JPMorgan Chase Bank, N.A.","Chicago, IL",https://stackoverflow.com/jobs/543081
Full-Stack Developer,FlexEarn,"London, UK",https://stackoverflow.com/jobs/485775
Software Developer Fullstack (gn),Handelsblatt GmbH,"Düsseldorf, Deutschland",https://stackoverflow.com/jobs/541661
Senior Frontend Developer (f/m/diverse),Eurowings Digital GmbH,"Köln, Deutschland",https://stackoverflow.com/jobs/410393
Java Software Engineer (m/f/d) | Granada / Spain | remote or on-site,Best Secret GmbH,"Granada, Spanien",https://stackoverflow.com/jobs/530439
"Frontend Software Engineer, Customer Service Platform",ByteDance,Singapore,https://stackoverflow.com/jobs/541573
Web-Frontend-Entwickler (D/M/W),PRADTKE GMBH,"Bochum, Deutschland",https://stackoverflow.com/jobs/527865
(Senior) Software Engineer Fullstack (w/m/d),tresmo GmbH,"Augsburg, Deutschland",https://stackoverflow.com/jobs/534459
Full Stack Web Developer (m/w/d),EyeC GmbH,"Hamburg, Deutschland",https://stackoverflow.com/jobs/408137
Domain-Driven Engineer - Java (m/f/d),ProSiebenSat.1 Media SE,"München, Deutschland",https://stackoverflow.com/jobs/537617
Senior Fullstack Developer with strong Front End capabilities,Mimecast,"Torun, Poland",https://stackoverflow.com/jobs/529874
Frontend Engineer at Bosch IoT Start-up,Security and Safety Things GmbH (A Bosch IoT Start-Up),"Eindhoven, Netherlands",https://stackoverflow.com/jobs/522738
"Software Engineer, Frontend (Remote)",Brex,No office location,https://stackoverflow.com/jobs/525275
Digital-Senior Software/Lead Engineer-System Infra,FactSet,"Hyderabad, India",https://stackoverflow.com/jobs/461321
Senior Full-stack Web Developer,F-Secure,"Basingstoke, UK",https://stackoverflow.com/jobs/535566
Join the Crew – Ambitious Full Stack Software Engineer (all genders),Spaceteams GmbH,"Hamburg, Germany",https://stackoverflow.com/jobs/521784
(Senior) Fullstack Entwickler (m/w/d),BoschviaComputer Futures Solutions GmbH,"Stuttgart, Deutschland",https://stackoverflow.com/jobs/525341
Senior Frontend Engineer - Databento (Fully Remote),Unusual Ventures,No office location,https://stackoverflow.com/jobs/524277
.Net Software Developer,Geotab,No office location,https://stackoverflow.com/jobs/528786
Full Stack Developer,Quantum Mob,"Toronto, ON, Canada",https://stackoverflow.com/jobs/536852
Senior Software Engineer,Patron Technology,No office location,https://stackoverflow.com/jobs/522009
Full-Stack Technical Lead,SSENSE,"Montreal, QC, Canada",https://stackoverflow.com/jobs/521742
Testautomatisierer (m/w/d),Computer FuturesviaComputer Futures Solutions GmbH,"Hamburg, Germany",https://stackoverflow.com/jobs/524714
Frontend Engineer (f/m/d),VoiceLine,"Munich, Germany",https://stackoverflow.com/jobs/522164
Join the Crew – Passionate Senior Software Engineer (all genders),Spaceteams GmbH,"Hamburg, Germany",https://stackoverflow.com/jobs/521940
Senior Ruby on Rails Developer - Solve interesting problems from home!,Ascent,No office location,https://stackoverflow.com/jobs/503122
Senior Front End Developer,Huxley SingaporeviaComputer Futures Japan,Singapore,https://stackoverflow.com/jobs/537722
Software Engineer (Informatiker / Wirtschaftsinformatiker) - React / Java Script,GMG GmbH & Co. KG,"Tübingen, Deutschland",https://stackoverflow.com/jobs/534960
Full Stack Web Developer,Bloomreach,"Amsterdam, Netherlands",https://stackoverflow.com/jobs/487279
Full Stack Developer (m/w/d),"Sthree GmbHviaProgressive, ein Geschäftszweig der SThree GmbH","Dortmund, Deutschland",https://stackoverflow.com/jobs/524038
Software Engineer (Informatiker / Wirtschaftsinformatiker) - React / Java Script,GMG GmbH & Co. KG,"Tübingen, Deutschland",https://stackoverflow.com/jobs/534960
Cloud Software Engineer Fullstack,Franke Kaffeemaschinen AG,"Aarburg, Schweiz",https://stackoverflow.com/jobs/436902
Front-end Developer,Jumbo Supermarkets,"Veghel, Netherlands",https://stackoverflow.com/jobs/535306
Senior Javascript Engineer,livingdocs,"Zürich, Switzerland",https://stackoverflow.com/jobs/530742
Technical Lead - Talent Intelligence System,Singapore Innovate Pte. Ltd,Singapore,https://stackoverflow.com/jobs/529306
*REMOTE* Senior Kotlin (Java) Backend Engineer (m/w/d) TVNOW Streaming Plattform,"AVANTGARDE - ""Creating Fans""",No office location,https://stackoverflow.com/jobs/468935
"Senior frontend-utvecklare (valfritt ramverk) till Cygni, part of Accenture","Cygni, part of Accenture","Stockholm, Sweden",https://stackoverflow.com/jobs/447407
Senior Backend Engineer - Elixir,Remote,No office location,https://stackoverflow.com/jobs/533358
"Java Software Engineer (m/w/d) in Bonn, Berlin, Köln oder Freiburg",tarent solutions GmbH,"Bonn, Deutschland",https://stackoverflow.com/jobs/494511
Senior Software Engineer,Patron Technology,No office location,https://stackoverflow.com/jobs/522009
Senior Software Engineer - Frontend,VIZIO,"Denver, CO",https://stackoverflow.com/jobs/522670
Frontend Engineer (f/m/d),VoiceLine,"Munich, Germany",https://stackoverflow.com/jobs/522164
Frontend developer (NextJS/React) with a passion for open source,5 Monkeys Agency ABvia5 Monkeys Agency AB,"Stockholm, Sweden",https://stackoverflow.com/jobs/518074
Hackers wanted - Software Engineers & Machine Learning Expert (m/f/d),freiheit.com technologies,"Hamburg, Deutschland",https://stackoverflow.com/jobs/165266
Backend developer to build robust systems with Kotlin,Shape A/S,"København, Denmark",https://stackoverflow.com/jobs/370009
Proficient PHP/Symfony Developer,roadsurfer GmbH,"München, Deutschland",https://stackoverflow.com/jobs/497587
Full stack developer,Online Partner AB,"Hägersten, Sweden",https://stackoverflow.com/jobs/339146
Frontend Developer m/w/d,MARC O'POLO International GmbH,"Stephanskirchen, Deutschland",https://stackoverflow.com/jobs/534473
Full Stack Webentwickler Javascript/React (m/w/d),HELM-Software,"Ladenburg, Deutschland",https://stackoverflow.com/jobs/507612
Full Stack Developer,"Ciber Global, LLC","Dearborn, MI",https://stackoverflow.com/jobs/521189
Senior Software Engineer,ZAIKO K.K.,"Minato City, Japan",https://stackoverflow.com/jobs/524414
Junior Project Developer JavaScript,FactSet,"Frankfurt am Main, Germany",https://stackoverflow.com/jobs/525860
Senior Software Engineer,Enovational,"Washington, DC",https://stackoverflow.com/jobs/420640
Web Developer (m/f/d),Ravensburger AG,"Malmö, Schweden",https://stackoverflow.com/jobs/499585
Senior JavaScript Engineer for our ecommerce storefront  (f/m/d),ePages GmbH,"Hamburg, Germany",https://stackoverflow.com/jobs/123431
Backend Engineer,Alice,"São Paulo, Brazil",https://stackoverflow.com/jobs/513756
Senior UI Software Engineer,VIZIO,"Denver, CO",https://stackoverflow.com/jobs/522671
Full Stack Developer,"Ciber Global, LLC","Dearborn, MI",https://stackoverflow.com/jobs/521189
Software Engineer/ Senior Software Engineer - JavaScript Developer,FactSet,"Hyderabad, India",https://stackoverflow.com/jobs/506362
Senior Software Engineer - Front End,Keap,No office location,https://stackoverflow.com/jobs/492300
Agile Software Entwickler / Developer PHP (m/w/d),CTS EVENTIM AG & Co. KG aA,"Bremen, Deutschland",https://stackoverflow.com/jobs/530240
Junior Project Developer JavaScript,FactSet,"Frankfurt am Main, Germany",https://stackoverflow.com/jobs/525860
"Awesome Full-Stack Software Engineer - Java, Python, JavaScript (Fully Cleared)",Erias Ventures,"Annapolis Junction, MD",https://stackoverflow.com/jobs/432032
Senior Web UI Engineer (Contract),Demand.io,"Los Angeles, CA",https://stackoverflow.com/jobs/523582
CDI - Back-End Developper - Rennes,Steeple,"Rennes, France",https://stackoverflow.com/jobs/530505
Technical Lead PWA (m/f/d),shopware AG,No office location,https://stackoverflow.com/jobs/541482
DevOps Engineering,MUFG,"Tempe, AZ",https://stackoverflow.com/jobs/540212
Frontend Developer für stark wachsende Employee-App,Flip GmbH,"Stuttgart, Deutschland",https://stackoverflow.com/jobs/516929
"Senior Software Engineer – AWS, NodeJS, Serverless",LifeOmic,"Indianapolis, IN",https://stackoverflow.com/jobs/519002
Software Engineer - Elixir,SureSwift Capital,No office location,https://stackoverflow.com/jobs/536575
Frontend Software Engineer (Mid-Level),"Foodspace Technology, Inc.",No office location,https://stackoverflow.com/jobs/537675
"Remote Senior Software Engineer, Javascript",Verys,No office location,https://stackoverflow.com/jobs/540245
Full-Stack Technical Lead,SSENSE,"Austin, TX",https://stackoverflow.com/jobs/521737
Back-End Developer (i.e. Node.js),Imaginary Cloud,No office location,https://stackoverflow.com/jobs/543352
Senior Frontend Developer (m/w/d),Getränke Hoffmann GmbH,"Blankenfelde-Mahlow, Deutschland",https://stackoverflow.com/jobs/530251
Senior Fullstack Developer (f/m/d),Greentube Internet Entertainment Solutions GmbH,"Vienna, Austria",https://stackoverflow.com/jobs/527010
Backend Software Engineer - Python,Hubs,"Amsterdam, Netherlands",https://stackoverflow.com/jobs/543394
Developer Frontend/ Backend/ Fullstack m/w/d,MARC O'POLO International GmbH,"Stephanskirchen, Deutschland",https://stackoverflow.com/jobs/519513
Fullstack Applications Developer,Fresh Technology,No office location,https://stackoverflow.com/jobs/543154
Softwareentwickler (m/w/d) Web Frontend - Remote oder vor Ort,dsb ebusiness,"Frankfurt am Main, Deutschland",https://stackoverflow.com/jobs/521137
Frontend Entwickler (m/w/d),webbrand GmbH,No office location,https://stackoverflow.com/jobs/541508
Software Developer,NorthPoint Development,"Riverside, MO",https://stackoverflow.com/jobs/535573
Junior Front-End Developer (f/m/d),centum-amm Deutschland GmbH,"München, Deutschland",https://stackoverflow.com/jobs/539441
PHP (FullStack) Entwickler (m/w/d) 100% Remote,Computer FuturesviaComputer Futures Solutions GmbH,"Dortmund, Germany",https://stackoverflow.com/jobs/524216
Fullstack Software Engineer (Java) - Hong Kong,Zuhlke Engineering Hongkong,Hong Kong,https://stackoverflow.com/jobs/454966
Project Developer JavaScript,FactSet,"Frankfurt am Main, Germany",https://stackoverflow.com/jobs/525854
Software Engineer (m/w/d),wearTell Deutschland GmbH,"Hamburg, Deutschland",https://stackoverflow.com/jobs/518590
Frontend Developer II - Remote (Outside US),Agiloft,No office location,https://stackoverflow.com/jobs/534053
Hackers wanted - Software Engineer & Machine Learning Expert (m/f/d),freiheit.com technologies,"Lissabon, Portugal",https://stackoverflow.com/jobs/254089
Front-End Developer,Imaginary Cloud,No office location,https://stackoverflow.com/jobs/541306
Remote Full Stack Engineer - Spring - Leading Platform for Online Creators,SpringviaSource Coders,No office location,https://stackoverflow.com/jobs/540025
Senior Software Engineer - Javascript (PII/PCI),Moov Financial,No office location,https://stackoverflow.com/jobs/541119
Senior JavaScript Developer,Särmä Digital Oy,No office location,https://stackoverflow.com/jobs/330722
Junior Developer,Imaginary Cloud,No office location,https://stackoverflow.com/jobs/540179
Full Stack/PHP Engineer,Domo,"Bristol, UK",https://stackoverflow.com/jobs/533787
Java Software Engineer,Surevine,"London, UK",https://stackoverflow.com/jobs/530347
Web-Frontend-Entwickler (m/w/d),Kittelberger GmbH Lichtsatz EDV Informationsverarbeitung,"Reutlingen, Deutschland",https://stackoverflow.com/jobs/538322
Solution Architect,Enovational,"Washington, DC",https://stackoverflow.com/jobs/420637
Frontend-Entwickler (m/w/d),Heise Knowledge GmbH,"Hannover, Deutschland",https://stackoverflow.com/jobs/542162
Frontend Developer / Headless Expert,Magnolia International Ltd.,No office location,https://stackoverflow.com/jobs/525573
Development Manager / Principal Developer,SilverDoor,"London, UK",https://stackoverflow.com/jobs/526195
Full Stack Software Engineer,iKhokha,"Umhlanga, South Africa",https://stackoverflow.com/jobs/302216
Android Software Engineer,"Ciber Global, LLC","Orlando, FL",https://stackoverflow.com/jobs/518610
Software Engineer / Developer (Full-Stack),ZEISS Group,"Clovelly Park, Australia",https://stackoverflow.com/jobs/529304
Full Stack Software Engineer,iKhokha,"Umhlanga, South Africa",https://stackoverflow.com/jobs/302216
Fullstack Web-Entwickler PHP/React (m/w/d) für E-Commerce Agentur aus Bremen,hmmh multimediahaus AG,No office location,https://stackoverflow.com/jobs/526714
Software Developer (gn) C# / .NET,SoftwareONE Deutschland GmbH,"Leipzig, Germany",https://stackoverflow.com/jobs/526078
Senior Frontend Engineer,Mimacom,No office location,https://stackoverflow.com/jobs/541685
Senior Web/Mobile Developer (m/w/d),Lotum GmbH,"Frankfurt am Main, Deutschland",https://stackoverflow.com/jobs/372988
Front-End Developer (React.js) - Platform mananging branded products (Remote),Pentalog,No office location,https://stackoverflow.com/jobs/530836
Web Developer (m/f/d),Ravensburger AG,"Seattle, WA, USA",https://stackoverflow.com/jobs/497853
Full Stack Developer (Django + React),Self Decode,No office location,https://stackoverflow.com/jobs/524866
Senior Front-end Developer,Bloomreach,No office location,https://stackoverflow.com/jobs/529094
Front-End Software Engineer,HENNGE K.K.,"Tokyo, Japan",https://stackoverflow.com/jobs/381280
Frontend Developer - Angular (m/f/d),Greentube Internet Entertainment Solutions GmbH,"Vienna, Austria",https://stackoverflow.com/jobs/531781
Senior Full-stack Web Developer,F-Secure,"Poznań, Poland",https://stackoverflow.com/jobs/526479
Lead Software Engineer (Core Engineering) at SaaS Healthcare Company,The Jellyvision Lab Inc.,No office location,https://stackoverflow.com/jobs/522831
"(Senior) Backend Developer (m/w/d), Köln oder Gütersloh",Schüttflix GmbH,"Köln, Deutschland",https://stackoverflow.com/jobs/530252
Senior Full Stack Software Engineer,BRG - The GAT Team,No office location,https://stackoverflow.com/jobs/535487
Clean Code Evangelist - Java Developer (m/f/d),ProSiebenSat.1 Media SE,"München, Deutschland",https://stackoverflow.com/jobs/533344
Full Stack Developer Mobile Gaming (m/w/d),Lotum GmbH,"Bad Nauheim, Deutschland",https://stackoverflow.com/jobs/372990
Web developer,Intel Corporation,"Moscow, Russia",https://stackoverflow.com/jobs/530450
"Senior Software Engineer, UI- Pet Health- R8094","Chewy, Inc.","Minneapolis, MN",https://stackoverflow.com/jobs/513973
"Senior Software Engineer, UI - Pet Health-R8094","Chewy, Inc.","Boston, MA",https://stackoverflow.com/jobs/513971
"Senior Software Engineer, IoT and Android at Bosch IoT Start-up",Security and Safety Things GmbH (A Bosch IoT Start-Up),"Pittsburgh, PA",https://stackoverflow.com/jobs/533648
Mobile APP Developers - Leading Electronics Company,Pyronix,"Doncaster, UK",https://stackoverflow.com/jobs/524940
Front End Developer,Greenhost,"Amsterdam, Netherlands",https://stackoverflow.com/jobs/524919
Senior Fullstack Developer (m/f/d),Deutsche Kautionskasse,"München, Deutschland",https://stackoverflow.com/jobs/530801
UI Software Engineer,"JPMorgan Chase Bank, N.A.","Jersey City, NJ",https://stackoverflow.com/jobs/542561
Front End Software Engineer (602),"JPMorgan Chase Bank, N.A.","Plano, TX",https://stackoverflow.com/jobs/542778
Software Developer - Frontend Analytics,RaySearch Laboratories AB (publ),"Stockholm, Sweden",https://stackoverflow.com/jobs/524974
Front-End Developer (React.js) - Platform mananging branded products (Remote),Pentalog,No office location,https://stackoverflow.com/jobs/530836
Software Engineer – React,LifeOmic,"Indianapolis, IN",https://stackoverflow.com/jobs/519007
Full Stack Developer with an interest in FinTech,Isabel Group,"Leuven, Belgium",https://stackoverflow.com/jobs/535497
Mid/Senior PHP Developer,One Call InsuranceviaHays PLC,"Doncaster, UK",https://stackoverflow.com/jobs/541483
Front End Engineer,Everli,No office location,https://stackoverflow.com/jobs/534744
Frontend Developer-Office or Remote (m/f/x),Pepper Media Holding GmbH,No office location,https://stackoverflow.com/jobs/531176
Senior Java Full Stack Developer,Seghorn AG,"Bremen, Deutschland",https://stackoverflow.com/jobs/539438
Senior and Mid-Level Frontend Developers,Graph Aware Limited,No office location,https://stackoverflow.com/jobs/505282
Frontend Developer - Angular (m/f/d),Greentube Internet Entertainment Solutions GmbH,"Vienna, Austria",https://stackoverflow.com/jobs/531781
product software engineer,AE nv/sa,"Leuven, Belgium",https://stackoverflow.com/jobs/523550
Senior Backend Developer PHP (m/f/d),internetstores GmbH,"Stuttgart, Deutschland",https://stackoverflow.com/jobs/541292
Application Manager PHP,FactSet,"Frankfurt am Main, Germany",https://stackoverflow.com/jobs/526471
Frontend Engineer 80-100% (f/m/d),tutti.ch,"Berlin, Germany",https://stackoverflow.com/jobs/538118
Web developer,Intel Corporation,"Moscow, Russia",https://stackoverflow.com/jobs/530450
"Senior Software Engineer, IoT and Android at Bosch IoT Start-up",Security and Safety Things GmbH (A Bosch IoT Start-Up),"Pittsburgh, PA",https://stackoverflow.com/jobs/533648
Cloud Solution Architect,Frauscher Sensor Technology,"Vienna, Austria",https://stackoverflow.com/jobs/529576
Full Stack Web Developer (remote/onsite),BeamNG GmbH,No office location,https://stackoverflow.com/jobs/532816
Senior Backend Developer,Soul Machines Limited,"Phoenix, AZ",https://stackoverflow.com/jobs/503102
Front end Data Visualisation Engineer,Neo4j,"London, UK",https://stackoverflow.com/jobs/501802
(Senior) Frontend Developer,EXXETA AG,"München, Deutschland",https://stackoverflow.com/jobs/534485
Fullstack Developer (m/w/d),OBI Group Holding SE & Co. KGaA,"Köln, Deutschland",https://stackoverflow.com/jobs/533992
Softwareentwickler Backend (m/w/d),eLearning Manufaktur GmbH,"Düsseldorf, Germany",https://stackoverflow.com/jobs/531109
Software Development Engineer in Test,SDVI,No office location,https://stackoverflow.com/jobs/219487
Solutions Lead & Web Architect (Microsoft Stack) - Remote,BlueModus,No office location,https://stackoverflow.com/jobs/541308
Software Architect (Django/Flask + React),Self Decode,No office location,https://stackoverflow.com/jobs/522628
Senior Software Engineer,uShip,"Austin, TX",https://stackoverflow.com/jobs/537938
Senior Software Engineer Java (m/w/d),ti&m AG,"Frankfurt am Main, Deutschland",https://stackoverflow.com/jobs/539984
Solutions Engineer,Hays TechnologyviaHays PLC,"London, UK",https://stackoverflow.com/jobs/537615
Javascript Developer - Angular or Node.js,Arcanys,"Cebu City, Philippines",https://stackoverflow.com/jobs/243375
Senior Frontend Engineer,MobiLab Solutions,"Köln, Germany",https://stackoverflow.com/jobs/540001
"Javascript Developer - React, Angular or Node.js",Arcanys,"Manila, Philippines",https://stackoverflow.com/jobs/243364
Frontend Developer (m/f/d),zenloop,"Berlin, Germany",https://stackoverflow.com/jobs/536766
Full Stack Developer - remote,Qudosoft,"Berlin, Germany",https://stackoverflow.com/jobs/507650
Senior Front End developer,Apicbase Belgium,No office location,https://stackoverflow.com/jobs/526988
Softwareentwickler C#/.NET und Web-Entwicklung (m/w/d) unseres Produktes Visit,ASTRUM IT GmbH,"Erlangen, Deutschland",https://stackoverflow.com/jobs/485931
Frontend Developer (m/w/d),RheinEnergie AG,"Köln, Deutschland",https://stackoverflow.com/jobs/506045
Front End Software Engineer (602),"JPMorgan Chase Bank, N.A.","Plano, TX",https://stackoverflow.com/jobs/542778
PHP-Developer (m/w/d),Sosa Brothers GmbH,"Hamburg, Deutschland",https://stackoverflow.com/jobs/532828
Full-stack PHP and JavaScript Developer,Scalable Path,No office location,https://stackoverflow.com/jobs/540216
Senior PHP Software Developer,Takeaway.com,"Sofia, Bulgaria",https://stackoverflow.com/jobs/523480
iOS Developer,"Ciber Global, LLC","Orlando, FL",https://stackoverflow.com/jobs/518630
Senior Frontend Engineer (React + Typescript),Bigblue,"Paris, France",https://stackoverflow.com/jobs/505291
Senior Software Engineer,Genesys,"Durham, NC",https://stackoverflow.com/jobs/526795
Technical Lead/Developer (Microsoft Stack) - Remote,BlueModus,No office location,https://stackoverflow.com/jobs/536285
Java Developer,RevegyviaTechCXO,"Atlanta, GA",https://stackoverflow.com/jobs/531266
product software engineer,AE nv/sa,"Leuven, Belgium",https://stackoverflow.com/jobs/523550
Fullstack Developer (f/m/d),LILLYDOO GmbH,"Frankfurt am Main, Germany",https://stackoverflow.com/jobs/531090
Full Stack Senior Engineer (f/m/d),ricardo.ch,"Zug, Switzerland",https://stackoverflow.com/jobs/531074
Frontend Developer (m/f/d),zenloop,"Berlin, Germany",https://stackoverflow.com/jobs/536766
JavaScript UI Software Engineer,"JPMorgan Chase Bank, N.A.","Columbus, OH",https://stackoverflow.com/jobs/542810
Software Engineering Manager,ACV Auctions,"Buffalo, NY",https://stackoverflow.com/jobs/517049
Backend Engineer (Python/APIs),Belvo Technologies,No office location,https://stackoverflow.com/jobs/536582
Softwareentwickler ERP (m/w/d) Oracle Developer (m/w/d),Häcker Küchen GmbH & Co. KG,"Rödinghausen, Deutschland",https://stackoverflow.com/jobs/537046
Frontend Entwickler (m/w/d),MT AG - enabling the adaptive enterprise,"Ratingen, Deutschland",https://stackoverflow.com/jobs/518379
Desarrollador/a de software C #,Hahn Softwareentwicklung,"Maxhütte-Haidhof, Deutschland",https://stackoverflow.com/jobs/499656
E-commerce und Plugin / Theme Entwickler (m/w/d),SOLIT Management GmbH,"Wiesbaden, Deutschland",https://stackoverflow.com/jobs/518171
Lead Application Developer-cxLoyalty,"JPMorgan Chase Bank, N.A.","Plano, TX",https://stackoverflow.com/jobs/543149
Senior Software Engineer,uShip,"Austin, TX",https://stackoverflow.com/jobs/537938
Fullstack Developer (m/w/d) remote,best it GmbH & Co. KG,No office location,https://stackoverflow.com/jobs/512059
Senior Fullstack Engineer (Remote),RELE.AI,No office location,https://stackoverflow.com/jobs/530328
Technical Lead/Developer (Microsoft Stack) - Remote,BlueModus,No office location,https://stackoverflow.com/jobs/536285
Java / Kotlin Developer:in (m/w/d),Haufe Group,"Hanover, Germany",https://stackoverflow.com/jobs/526704
Senior Full Stack Engineer - Cyber Security,Myra Security GmbH,"München, Deutschland",https://stackoverflow.com/jobs/466848
(Senior) Backend Engineer (all genders),Goodgame Studios,"Hamburg, Germany",https://stackoverflow.com/jobs/526047
Product Owner,Open Systems AG,"Zürich, Switzerland",https://stackoverflow.com/jobs/521991
Remote: Contract Senior Frontend Engineer,The Sensible Code Company,"Belfast, UK",https://stackoverflow.com/jobs/530338
Web Solution Architect,ti&m AG,"Zürich, Schweiz",https://stackoverflow.com/jobs/522338
Senior Java fejlesztő,UNIQA Raiffeisen Software Service Kft.,"Budapest, Ungarn",https://stackoverflow.com/jobs/515490
Senior Software Engineer,Just Eat,"Bristol, UK",https://stackoverflow.com/jobs/529976
Software Engineer - Frontend,adidas Zaragoza Tech Hub,"Zaragoza, Spain",https://stackoverflow.com/jobs/500197
Solution Architect - Prototyping (m/w/d) Tax & Legal Garage,Deloitte Deutschland,"Düsseldorf, Deutschland",https://stackoverflow.com/jobs/534020
Senior UI Developer interested in collaborative hardware development,Wikifactory,No office location,https://stackoverflow.com/jobs/448569
Full Stack Software Engineer,Applied,No office location,https://stackoverflow.com/jobs/530908
Senior UI Developer interested in collaborative hardware development,Wikifactory,No office location,https://stackoverflow.com/jobs/448569
Senior Developer,EVS llc,"Westminster, CO",https://stackoverflow.com/jobs/529103
Full Stack Mobile Developer (Flutter) (w/m/d),Lotum GmbH,"Frankfurt am Main, Deutschland",https://stackoverflow.com/jobs/526742
Support Engineer,SDVI,No office location,https://stackoverflow.com/jobs/492303
Senior Software Engineer .NET (m/w/d),ti&m AG,"Frankfurt am Main, Deutschland",https://stackoverflow.com/jobs/522249
Full Stack Java Entwickler (m/w/d) EGP-Querschnitts­anwendungen,Fiducia & GAD IT AG,"Karlsruhe, Deutschland",https://stackoverflow.com/jobs/539167
Information Security Developer,Computer FuturesviaComputer Futures US,"Alpharetta, GA",https://stackoverflow.com/jobs/525586
Java Developer,RevegyviaTechCXO,"Atlanta, GA",https://stackoverflow.com/jobs/531266
Frontend-Entwickler:in (w/m/d),minilu GmbH,"Ratingen, Deutschland",https://stackoverflow.com/jobs/533986
Senior Full Stack Developer,AutoRek,"Edinburgh, UK",https://stackoverflow.com/jobs/520638
"Senior fullstackutvecklare till Cygni, part of Accenture","Cygni, part of Accenture","Stockholm, Sweden",https://stackoverflow.com/jobs/447405
Junior Frontend Web Developer,Network Guard,Hong Kong,https://stackoverflow.com/jobs/527724
Fullstack Developer (m/w/d),best it GmbH & Co. KG,"Amstetten, Österreich",https://stackoverflow.com/jobs/512061
Fullstack Developer (m/w/d),best it GmbH & Co. KG,"Berlin, Deutschland",https://stackoverflow.com/jobs/368833
Sitecore Developer,Carex Consulting GroupviaCarex Consulting Group,No office location,https://stackoverflow.com/jobs/538412
"Software Engineer, Backend [US App]",Mercari,"Minato City, Japan",https://stackoverflow.com/jobs/471997
"Lead Polyglot Software Engineers – TDD, XP, JavaScript",Pragmateam,"Sydney, Australia",https://stackoverflow.com/jobs/519292
Full Stack Senior Engineer (f/m/d),ricardo.ch,"Zug, Switzerland",https://stackoverflow.com/jobs/531074
Software Developer / IT Consultant (w/m/d),Scandio GmbH,"München, Deutschland",https://stackoverflow.com/jobs/529041
"Senior .Net Software Developer, Team Lead",Geotab,No office location,https://stackoverflow.com/jobs/529109
Front-end Developer,Brainomix,"Oxford, UK",https://stackoverflow.com/jobs/516349
Full Stack Developer (m/w/d),CAS AG,"Hamburg, Deutschland",https://stackoverflow.com/jobs/524589
Java / Kotlin Developer:in (m/w/d),Haufe Group,"Hanover, Germany",https://stackoverflow.com/jobs/526704
Software Engineer - SDVI DevOps,SDVI,No office location,https://stackoverflow.com/jobs/451626
Senior Frontend Developer (m/w/d) - Experience Design & Mobile,Deloitte Deutschland,"Düsseldorf, Deutschland",https://stackoverflow.com/jobs/533735
Frontend Developer (m/w/d) - Experience Design & Mobile,Deloitte Deutschland,"Düsseldorf, Deutschland",https://stackoverflow.com/jobs/535281
Lead Software Engineer Java (f/m/d) | on-site or remote,Best Secret GmbH,"Aschheim, Deutschland",https://stackoverflow.com/jobs/536107
"Senior .Net Software Developer, Team Lead",Geotab,No office location,https://stackoverflow.com/jobs/529109
Frontend Developer Squla,Futurewhiz,"Amsterdam, Netherlands",https://stackoverflow.com/jobs/529180
Software Engineer - SDVI DevOps,SDVI,No office location,https://stackoverflow.com/jobs/451626
"Remote Polyglot Software Engineer – TDD, XP, JavaScript",Pragmateam,No office location,https://stackoverflow.com/jobs/523004
Full Stack Developer (m/w/d),CAS AG,"Hamburg, Deutschland",https://stackoverflow.com/jobs/524589
Senior Software Engineer .NET (m/w/d),ti&m AG,"Frankfurt am Main, Deutschland",https://stackoverflow.com/jobs/522249
ARCHITECTE SI (F/H),Octo Technology,"Paris, France",https://stackoverflow.com/jobs/445451
Senior JavaScript Engineer (Canada Remote),Fullscript,No office location,https://stackoverflow.com/jobs/537648
Frontend-Entwickler:in (m/w/d),conlabz GmbH,"Koblenz, Germany",https://stackoverflow.com/jobs/530382
Go Developer,Pensionera Förmedling i Sverige AB,"Stockholm, Sweden",https://stackoverflow.com/jobs/535317
Full Stack Developer - Node.js,zooplus AG,"Madrid, Spain",https://stackoverflow.com/jobs/529745
Experienced Frontend Web Engineer,Scoville,"Shibuya City, Japan",https://stackoverflow.com/jobs/513039
Senior Software Engineering Manager,ACV Auctions,"Buffalo, NY",https://stackoverflow.com/jobs/517055
Engineering Team Lead (Core Engineering) at SaaS Healthcare Company,The Jellyvision Lab Inc.,No office location,https://stackoverflow.com/jobs/538132
Fullstack Developer,funda,"Amsterdam, Netherlands",https://stackoverflow.com/jobs/517353
Frontend Developer (w/m/d),zeb.it,"Münster, Deutschland",https://stackoverflow.com/jobs/522550
Senior Frontend Software Engineer (United States and Canada),Circle,No office location,https://stackoverflow.com/jobs/496056
Senior Frontend Software Engineer (Europe),Circle,No office location,https://stackoverflow.com/jobs/496058
Remote Ruby on Rails Developer (US or Canada),BiTE interactive,No office location,https://stackoverflow.com/jobs/518364
Front-end Developer,Brainomix,"Oxford, UK",https://stackoverflow.com/jobs/516349
Full Stack Software Engineer,F-Secure,"London, UK",https://stackoverflow.com/jobs/514490
Senior Front End Developer | Angular,Soul Machines Limited,"Auckland, New Zealand",https://stackoverflow.com/jobs/539335
Lead Ruby on Rails Engineer - Remote,BiTE interactive,No office location,https://stackoverflow.com/jobs/518363
Full Stack Java Entwickler (m/w/d) EGP-Framework,Fiducia & GAD IT AG,"Karlsruhe, Deutschland",https://stackoverflow.com/jobs/539162
Senior Front End Developer | Angular,Soul Machines Limited,"Auckland, New Zealand",https://stackoverflow.com/jobs/539335
Senior Software Engineer / Developer Java (f/m/d) | on-site or remote,Best Secret GmbH,"München, Deutschland",https://stackoverflow.com/jobs/530444
Technische*r Sitecore Architekt*in,GASAG AG,"Berlin, Deutschland",https://stackoverflow.com/jobs/530794
Tech Lead Backend Development (m/f/d),"AppLike Group - justDice, adjoe and Sunday","Hamburg, Deutschland",https://stackoverflow.com/jobs/531049
Senior Frontend Engineer,Nebulab,No office location,https://stackoverflow.com/jobs/541099
Software Engineer - Angular/UI/Frontend,"JPMorgan Chase Bank, N.A.","Plano, TX",https://stackoverflow.com/jobs/542743
Web Developer,Domino's Pizza,"Ann Arbor, MI",https://stackoverflow.com/jobs/541500
Azure Full Stack Developer,Innofactor Oyj,"Espoo, Finland",https://stackoverflow.com/jobs/517279
Solution Architect (f/m/diverse),Eurowings Digital GmbH,"Köln, Deutschland",https://stackoverflow.com/jobs/368535
Full Stack Developer Automotive Visualization (m/f/d),Audi Business Innovation GmbH,"München, Deutschland",https://stackoverflow.com/jobs/538335
Full Stack Technical Lead,SSENSE,"Dallas, TX",https://stackoverflow.com/jobs/520072
Applikations-Entwickler*in Schwerpunkt SharePoint (w/m/d),HENSOLDT,"Oberkochen, Deutschland",https://stackoverflow.com/jobs/529093
Healthcare C# Server-Side Developer,In Touch Technologies,"Valparaiso, IN",https://stackoverflow.com/jobs/528689
Senior Fullstack Developer (f/m/x),kreuzwerker,"Berlin, Germany",https://stackoverflow.com/jobs/518073
React Web Developer,Carbonara,No office location,https://stackoverflow.com/jobs/510708
Full Stack Developer (Python) - Security Solutions,Bromium UK Limited,"Cambridge, UK",https://stackoverflow.com/jobs/528766
Front-End Engineer,Mixam,"Watford, UK",https://stackoverflow.com/jobs/523992
Full Stack Engineer,SimpleNexus LLC,No office location,https://stackoverflow.com/jobs/523006
Frontend Engineer (React JS),eBay Classifieds Group,"Sydney, Australia",https://stackoverflow.com/jobs/536047
Web Developer Trainer / Coach (Antwerpen),BeCode VZW,"Antwerpen, Belgium",https://stackoverflow.com/jobs/215193
Senior Front End Engineer,Cie,No office location,https://stackoverflow.com/jobs/528550
"Engineering Manager, Front End",Think Company,No office location,https://stackoverflow.com/jobs/536374
Lead Front End Engineer,The LEGO Group,"Billund, Denmark",https://stackoverflow.com/jobs/527013
Experienced Frontend Engineer - React - Remote,"Theorem, LLC",No office location,https://stackoverflow.com/jobs/539786
Senior Software Engineer - Analytics,NowPow,"Chicago, IL",https://stackoverflow.com/jobs/541100
Software Developer (gn) Java,SoftwareONE Deutschland GmbH,"Leipzig, Germany",https://stackoverflow.com/jobs/526079
Software Team Lead,NorthPoint Development,"Riverside, MO",https://stackoverflow.com/jobs/533188
Front-end Engineer - Working in Japan,LINE Fukuoka,"Fukuoka, Japan",https://stackoverflow.com/jobs/273839
Lead / Senior Frontend Web Developer,Network Guard,Singapore,https://stackoverflow.com/jobs/527720
Medium-level/Senior Frontend Developer,memoQ,"Budapest, Hungary",https://stackoverflow.com/jobs/524487
Full Stack Developer,"JPMorgan Chase Bank, N.A.","Plano, TX",https://stackoverflow.com/jobs/542932
Senior React Engineer NYC,"Clinical.ly, Inc.",No office location,https://stackoverflow.com/jobs/519607
Full Stack -kehittäjä / avoin hakemus,CGI Suomi,"Helsinki, Finland",https://stackoverflow.com/jobs/522769
Senior Java Developer,Worldline,"Stockholm, Sweden",https://stackoverflow.com/jobs/504950
Full Stack Developer,SiteZeus,No office location,https://stackoverflow.com/jobs/540190
UX / UI Specialist,TheVentury GmbH,"Wien, Österreich",https://stackoverflow.com/jobs/527107
Software Development Architect (gn) C# / .NET,SoftwareONE Deutschland GmbH,"Leipzig, Germany",https://stackoverflow.com/jobs/526080
Engineering Manager,Worksome ApS,"København, Denmark",https://stackoverflow.com/jobs/520009
Full Stack Engineer (Application Engineer),Rakuten,"Setagaya City, Japan",https://stackoverflow.com/jobs/527726
Engineering Manager - CWM Tools,Supermetrics Oy,No office location,https://stackoverflow.com/jobs/537605
Softwareentwickler Frontend (m/w/d),eLearning Manufaktur GmbH,"Düsseldorf, Germany",https://stackoverflow.com/jobs/531113
Head of Development (m/f/d),Real Life Interaction GmbH,"Berlin, Deutschland",https://stackoverflow.com/jobs/505645
Developer .Net / Développeur .Net,Grics,"Montréal, QC, Canada",https://stackoverflow.com/jobs/521899
Software Engineer,"JPMorgan Chase Bank, N.A.","Jersey City, NJ",https://stackoverflow.com/jobs/542946
Front End Engineer,Zype,No office location,https://stackoverflow.com/jobs/536105
Backend Java Developer,Tradeshift,"București, Romania",https://stackoverflow.com/jobs/533090
"Software developer, full stack - Stockholm",Columbia Road,"Stockholm, Sweden",https://stackoverflow.com/jobs/443002
Full Stack Developer:in lexoffice (m/w/d),Haufe Group,"Freiburg im Breisgau, Germany",https://stackoverflow.com/jobs/455781
Senior Full Stack Software Engineer,Samotics,"Leiden, Netherlands",https://stackoverflow.com/jobs/516831
"Engineering Manager, Front End",Think Company,No office location,https://stackoverflow.com/jobs/536374
Senior Java Developer,Worldline,"Stockholm, Sweden",https://stackoverflow.com/jobs/504950
Senior Full-Stack Engineer with Node.js - Tradeshift Go,Tradeshift,"Bucharest, Romania",https://stackoverflow.com/jobs/526924
Full Stack Developer (m/w/d) für Prozessmanagement im Global Sales Support,WALDNER Laboreinrichtungen GmbH & Co. KG,"Wangen im Allgäu, Germany",https://stackoverflow.com/jobs/533352
Senior Quality Engineer & Quality Engineer-Remote US (Level based on experience),Ultranauts Inc,No office location,https://stackoverflow.com/jobs/514642
Senior Full Stack Developer - Remote,Insider,No office location,https://stackoverflow.com/jobs/456301
Senior Front End Engineer (React),Flashpoint,No office location,https://stackoverflow.com/jobs/533446
Fullstack Software Engineer,Outschool,No office location,https://stackoverflow.com/jobs/529712
"Software developer, full stack - Helsinki",Columbia Road,"Helsinki, Finland",https://stackoverflow.com/jobs/431663
Software Development Architect/Lead Developer (gn) Java,SoftwareONE Deutschland GmbH,"Leipzig, Germany",https://stackoverflow.com/jobs/526082
FRONTEND React JS Lead/Senior Developers; 3 Day Weekend; Distributed Team,Laminar,No office location,https://stackoverflow.com/jobs/500256
Senior Software Engineer,NowPow,"Chicago, IL",https://stackoverflow.com/jobs/537082
Senior Front End Engineer - Platform,SWIMLANE INC,No office location,https://stackoverflow.com/jobs/537676
Senior React Developer,Supermetrics Oy,"Helsinki, Finland",https://stackoverflow.com/jobs/524132
Hackers wanted - UI/UX Engineer (m/f/d),freiheit.com technologies,"Hamburg, Deutschland",https://stackoverflow.com/jobs/91520
Senior GoLang Developer,"Gorilla Logic, Inc.",No office location,https://stackoverflow.com/jobs/530528
Backend Developer PPaaS H/F,Worldline,"Paris, France",https://stackoverflow.com/jobs/521806
QA Engineer / Ingénieur QA,BuyCo,"Marseille, France",https://stackoverflow.com/jobs/530329
Data Science and Analytics Engineer,MITRE,"McLean, VA",https://stackoverflow.com/jobs/523959
Senior Front End Developer,Cloudwise B.V.,"Woerden, Netherlands",https://stackoverflow.com/jobs/541477
Senior Python Developer,Fox IT,"Delft, Netherlands",https://stackoverflow.com/jobs/536568
Software Engineer – Cloud Solutions,"Emerson, Sweden","Mölnlycke, Sweden",https://stackoverflow.com/jobs/529731
Front-end Designer (Australia - remote),Octopus Deploy,No office location,https://stackoverflow.com/jobs/525455
"Frontend Engineer, Web",Aaqua,Singapore,https://stackoverflow.com/jobs/493601
Senior Software Engineer,Beast Code,"Fort Walton Beach, FL",https://stackoverflow.com/jobs/541115
(Senior) Full-Stack Engineer (f/m/d) for Strategic Platform Innovations,SAP,"Berlin, Germany",https://stackoverflow.com/jobs/526259
Senior Backend Engineer - Location Flexible,"Volusion, LLC",No office location,https://stackoverflow.com/jobs/443231
Senior Platform Services Software Engineer (Europe),Circle,No office location,https://stackoverflow.com/jobs/496059
Remote Site Reliability Engineer,Blue Code International AG,"Zürich, Switzerland",https://stackoverflow.com/jobs/536351
Development Architect (f/m/d) for Cloud-Native Applications,SAP,"Munich, Germany",https://stackoverflow.com/jobs/538612
Software Engineer II,"Wikimedia Foundation, Inc.",No office location,https://stackoverflow.com/jobs/541529
Senior PHP Developer,Defiant Inc,No office location,https://stackoverflow.com/jobs/500281
Developer,Defiant Inc,No office location,https://stackoverflow.com/jobs/542199
Senior Full Stack Developer (f/m/d),SAP,"Walldorf, Germany",https://stackoverflow.com/jobs/526450
Product Owner - Plateforme Alpha (H/F),ENGIE Digital,"Paris, France",https://stackoverflow.com/jobs/535038
Data Engineer/ Working Student (m/f/d),Motius GmbH,"München, Deutschland",https://stackoverflow.com/jobs/540208
Senior Platform Services Software Engineer (United States and Canada),Circle,No office location,https://stackoverflow.com/jobs/496060
Senior Software Development Engineer,Capital Group,"Seattle, WA",https://stackoverflow.com/jobs/538622
Technical Product Manager,MUFG,"Charlotte, NC",https://stackoverflow.com/jobs/530188
Developer  C++C# / Développeur C# C++,Grics,"Montréal, QC, Canada",https://stackoverflow.com/jobs/521898
Full Stack Engineer,Capital Group,"Los Angeles, CA",https://stackoverflow.com/jobs/538624
Full Stack Engineer,Capital Group,"Seattle, WA",https://stackoverflow.com/jobs/538623
フロントエンドエンジニア,HENNGE K.K.,"Tokyo, Japan",https://stackoverflow.com/jobs/381284
"Senior Software Engineer IV, Front-End",ACV Auctions,"Buffalo, NY",https://stackoverflow.com/jobs/524729
Senior Software Developer,SSENSE,"Toronto, ON, Canada",https://stackoverflow.com/jobs/521748
Senior Full-Stack Developer,Lastmile Retail,No office location,https://stackoverflow.com/jobs/523843
Full Stack Developer,Enovational,"Washington, DC",https://stackoverflow.com/jobs/173771
Senior Software Developer,SSENSE,"Montreal, QC, Canada",https://stackoverflow.com/jobs/521747
Senior Python Engineer - Remote,SmileDirectClub,No office location,https://stackoverflow.com/jobs/538691
Software Developer (remote or onsite),Aptera Software,"Fort Wayne, IN",https://stackoverflow.com/jobs/455016
Frontend Developer to build the leading Platform for ML,Hugging Face,"Paris, France",https://stackoverflow.com/jobs/448344
Front End Developer,Huboo Technologies Ltd,"Bristol, UK",https://stackoverflow.com/jobs/526330
Senior Front-end Developer (Remote),SORAMITSU,"Innopolis, Russia",https://stackoverflow.com/jobs/522571
JavaScript Software Developer,Sanger Institute,"Hinxton, UK",https://stackoverflow.com/jobs/538589
Software Developer / Product Owner,Knowit,"Gothenburg, Sweden",https://stackoverflow.com/jobs/473444
"Manager, Software Engineering (United States and Canada)",Circle,No office location,https://stackoverflow.com/jobs/496048
Senior Software Engineer,SimpleNexus LLC,No office location,https://stackoverflow.com/jobs/523125
Java-Softwareentwickler (w/m/d),parcIT GmbH,"Köln, Deutschland",https://stackoverflow.com/jobs/524114
Experienced Front End Engineer,AE nv/sa,"Leuven, Belgium",https://stackoverflow.com/jobs/523553
React Developer,"Jogg, Inc","Glendale, CA",https://stackoverflow.com/jobs/531585
TECH LEAD (F/H),Octo Technology,"Paris, France",https://stackoverflow.com/jobs/445447
Développeur Angular / Java,Digital4Better,"Paris, France",https://stackoverflow.com/jobs/515925
Senior Salesforce Developer,California Society of CPA's,No office location,https://stackoverflow.com/jobs/529271
Software Engineer - Full Stack (Mid-Senior),Olo,No office location,https://stackoverflow.com/jobs/448572
DevOps Cloud Engineer m/w/d,MARC O'POLO International GmbH,"Stephanskirchen, Deutschland",https://stackoverflow.com/jobs/519984
